{
  "waste_centers": [
    {
      "name": "Recycle Mitra Eco Care LLP Plot No. A-368,Floor No.1, Building Name M H Industries, Block Sector, Wagle Industrial Estate, Thane",
      "city": "Thane",
      "state": "Maharashtra",
      "lat": 19.1943294,
      "lon": 72.9701779
    },
    {
      "name": "ALFA TRADING COMPANY S. No. 69, Hissa No. 8, House No. 531, Village Pimpri, Dahisar, Tal & Dist. Thane",
      "city": "Thane",
      "state": "Maharashtra",
      "lat": 19.1943294,
      "lon": 72.9701779
    },
    {
      "name": "JUPITER ENTERPRISES Gala No 08 and 09 Gilbert Compound, Kherani Road Durga Mandir Lane, Kairani Road, Sakinaka Mumbai",
      "city": "Mumbai",
      "state": "Maharashtra",
      "lat": 19.054999,
      "lon": 72.8692035
    },
    {
      "name": "CLEAN PLANET LLP GAT NO. 2241, 42, 43, Ramling ware house, Shel- Pimpalgaon (Mohitewadi), Chakan Shikrapur Road, Pune",
      "city": "Pune",
      "state": "Maharashtra",
      "lat": 18.5213738,
      "lon": 73.8545071
    },
    {
      "name": "Rajhans Ferrous Scrap Trade Private Limited (Unit II), Gut No. 878, Kudalwadi, Pimpri Chinchwad, Haveli, district - Pune.",
      "city": "Pune",
      "state": "Maharashtra",
      "lat": 18.5213738,
      "lon": 73.8545071
    },
    {
      "name": "Pakeeza Traders, Plot No. 406, 407, 408, At. Soyapur, Tal. & Dist. Aurangabad",
      "city": "Aurangabad",
      "state": "Maharashtra",
      "lat": 19.877263,
      "lon": 75.3390241
    },
    {
      "name": "Noble Trading Company, S. No. 11, Hissa No. 23, Gausiya Market, Village Pimpari, Old M. P. Road, Tal. & Dist. Thane",
      "city": "Thane",
      "state": "Maharashtra",
      "lat": 19.1943294,
      "lon": 72.9701779
    },
    {
      "name": "Spas Computers Pvt. Ltd. 7 & 12, Hema Industrial Estate, Premises, Cos Ltd. Sarvodaya Nagar, Rajmata Jijai Road, Jogeshwari E",
      "city": "Mumbai",
      "state": "Maharashtra",
      "lat": 19.1635438,
      "lon": 72.9463214
    },
    {
      "name": "National Trading Corporation, S. No. 56/1, Plot No. 18 & 19, Old Mumbai-Panvel Road, Village Pimpri, Tal. & Dist. Thane",
      "city": "Thane",
      "state": "Maharashtra",
      "lat": 19.1943294,
      "lon": 72.9701779
    },
    {
      "name": "General Technologies India Pvt Ltd, Plot No. MBP-2, Building No.A-1, Office No. 1213, 12th Floor, Rupa Solitaire Building, TTC Industrial Area, Mahape, Dist. Thane",
      "city": "Thane",
      "state": "Maharashtra",
      "lat": 19.1943294,
      "lon": 72.9701779
    },
    {
      "name": "Grade Infratech Pvt. Ltd., Gut No. 849, Near Mahindra CIE, Ambethan Chakan, Village Chakan, Tal. Khed, Dist. Pune",
      "city": "Pune",
      "state": "Maharashtra",
      "lat": 18.5213738,
      "lon": 73.8545071
    },
    {
      "name": "Mauli Metals, Gut No. 222, At Kadachi Wadi, Post Chakan, Tal. Khed, Dist. Pune",
      "city": "Pune",
      "state": "Maharashtra",
      "lat": 18.5213738,
      "lon": 73.8545071
    },
    {
      "name": "OM R V Interiors, S. N. 92, Hissa No. 3, At Pelhar, Tal. Vasai, Dist Palghar",
      "city": "Palghar",
      "state": "Maharashtra",
      "lat": 19.757249,
      "lon": 73.09311986183509
    },
    {
      "name": "S K Enterprises, S. No. 77, Hissa No. 1, Hindustan Market, Dieghar, Tal. Shil, Dist. Thane",
      "city": "Thane",
      "state": "Maharashtra",
      "lat": 19.1943294,
      "lon": 72.9701779
    },
    {
      "name": "Vatsala Enterprises, Gut. No. 183-6, Village Rajapur, Tal. Sangamner, Dist. Ahmednagar",
      "city": "Ahmednagar",
      "state": "Maharashtra",
      "lat": 19.1627725,
      "lon": 74.85802430085195
    },
    {
      "name": "Reteck Envirotech Pvt. Ltd. Plot No. 4 A, MIDC Taloja, Tal. Panvel, Dist. Raigad",
      "city": "Raigad",
      "state": "Maharashtra",
      "lat": 18.4928092,
      "lon": 73.13807095426539
    },
    {
      "name": "S. N. Brothers, S. No. 305, Dongaripada, Near Classic Company, Vasai-Virar (M. Corp.), Dist Palghar",
      "city": "Palghar",
      "state": "Maharashtra",
      "lat": 19.757249,
      "lon": 73.09311986183509
    },
    {
      "name": "Shifa Traders, Gut No. 63, Dehu Moshi Road, Kudalwadi, Chikhali, Tal. Mulshi, Dist. Pune",
      "city": "Pune",
      "state": "Maharashtra",
      "lat": 18.5213738,
      "lon": 73.8545071
    },
    {
      "name": "Star Envo Recycling (I) Private Limited, Gala No 3, Survey No. 11, Hissa No. 1/1, Choudhary Compound, Wakanpada, Pelhar, Waliv, Vasai (E), Tal. Vasai, Dist. Palghar",
      "city": "Palghar",
      "state": "Maharashtra",
      "lat": 19.757249,
      "lon": 73.09311986183509
    },
    {
      "name": "Recycling Future, S. No. 169, Bhangarpada, Post Kundevahil, Tal. Panvel. Dist. Raigad",
      "city": "Raigad",
      "state": "Maharashtra",
      "lat": 18.4928092,
      "lon": 73.13807095426539
    },
    {
      "name": "Shabbir Traders Plot No. P/15 & 16, Sr. No. 119/120/121, Balaji Industrial Park, Behind Hindalco, Vill. Tondre, Tal. Panvel, Dist. Raigad",
      "city": "Raigad",
      "state": "Maharashtra",
      "lat": 18.4928092,
      "lon": 73.13807095426539
    },
    {
      "name": "Unity Enterprises, Gut No. 1745. Ranjangaon Ganpati, Tal. Shirur, Dist. Pune",
      "city": "Pune",
      "state": "Maharashtra",
      "lat": 18.5213738,
      "lon": 73.8545071
    },
    {
      "name": "Trekomac Refurbs Pvt. Ltd. Plot No, G-3, Five Star MIDC Kagal Hatkanangale, Tal. Kagal, Dist. Kolhapur",
      "city": "Kolhapur",
      "state": "Maharashtra",
      "lat": 16.7028412,
      "lon": 74.2405329
    },
    {
      "name": "Sahara Traders, Gala No. 1, Ground Floor, Kalyan Road,Temghar, Tal. Bhiwandi, Dist. Thane",
      "city": "Thane",
      "state": "Maharashtra",
      "lat": 19.1943294,
      "lon": 72.9701779
    },
    {
      "name": "Perfect E-Waste Recyclers, Plot No. A-8/1, MIDC Chikhalthana, Tal. & Dist. Aurangabad",
      "city": "Aurangabad",
      "state": "Maharashtra",
      "lat": 19.877263,
      "lon": 75.3390241
    },
    {
      "name": "Mayra Corporation, Plot No. C-157, MIDC Malegaon, Tal. Sinnar, Dist. Nashik",
      "city": "Nashik",
      "state": "Maharashtra",
      "lat": 20.0112475,
      "lon": 73.7902364
    },
    {
      "name": "EMS Scrapo, S. No. 199, Hissa No. 3, Bharat Market, Khan Compound, Shil-Mahape Road, Shil, Tal. & Dist. Thane",
      "city": "Thane",
      "state": "Maharashtra",
      "lat": 19.1943294,
      "lon": 72.9701779
    },
    {
      "name": "Right E-waste Recycle, S. No. 40/2/C, 40/3, Nashik Highway, Kalyan Sape Road, Tal. Bhiwandi. Dist. Thane",
      "city": "Thane",
      "state": "Maharashtra",
      "lat": 19.1943294,
      "lon": 72.9701779
    },
    {
      "name": "THE2BROS 70 AS KURLA ANDHERI ROAD, OPP JARIMARI TEMPLE, Chandivali, Mumbai Suburban - 400072",
      "city": "Mumbai",
      "state": "Maharashtra",
      "lat": 19.054999,
      "lon": 72.8692035
    },
    {
      "name": "K. G. N. Traders Survey No. 11, Hissa No. 30, Gausiya Market, Village- Pimpri, Post-Dahisar, Dist. Thane - 400612",
      "city": "Thane",
      "state": "Maharashtra",
      "lat": 19.1943294,
      "lon": 72.9701779
    },
    {
      "name": "Scape E Recycler Private Limited Near Bus Stand, Behind Hotel Chandralok,Shikshak Colony, Purna Dist. Parbhani, Purna,Parbhani - 431511",
      "city": "Parbhani",
      "state": "Maharashtra",
      "lat": 19.29019805,
      "lon": 76.60264434278307
    },
    {
      "name": "CBS E-Waste Recycling Industries G.No. 18/63/2, At. Khanapur, Tal. Akole, Dist. Ahmednagar",
      "city": "Ahmednagar",
      "state": "Maharashtra",
      "lat": 19.1627725,
      "lon": 74.85802430085195
    },
    {
      "name": "New Ecotech Recycling Survey no. 136, Hissa no. 364, At Post -Khaniwade, Taluka - Vasai, District. Palghar- 401305.",
      "city": "Palghar",
      "state": "Maharashtra",
      "lat": 19.757249,
      "lon": 73.09311986183509
    },
    {
      "name": "Nagraj E-Waste Recycling S.No.41 Vill Asoli Mouza Mahalgaon Tah Kamptee Dist Nagpur - 441202",
      "city": "Nagpur",
      "state": "Maharashtra",
      "lat": 21.1498134,
      "lon": 79.0820556
    },
    {
      "name": "S.K. Enterprises Plot No: 134 Paiki Sub Plot No.- 1, Ahmednagar Industrial Estate Co-Op. Society Ltd, Nagpur-Pune Road, Ta & Dist - Ahmedanagar-414005.",
      "city": "Ahmednagar",
      "state": "Maharashtra",
      "lat": 18.5213738,
      "lon": 73.8545071
    },
    {
      "name": "Manish Metal Gat No 925, Near Ashtekar Bangla, A/P- Theur, Dist- Pune - 412110",
      "city": "Pune",
      "state": "Maharashtra",
      "lat": 18.5213738,
      "lon": 73.8545071
    },
    {
      "name": "Mac Fix Station Office No. 201, Makhija Arcade, 35thRoad, Khar Bandra Linking Road, Bandra, Mumbai Suburban - 400052",
      "city": "Mumbai",
      "state": "Maharashtra",
      "lat": 19.054999,
      "lon": 72.8692035
    },
    {
      "name": "Kuldeep E-Waste Disposals, Sr. No. 50, Waghjainagar, Mabegaon Khurd, Katraj- Ambegaon Road, Katraj, Pune - 411046",
      "city": "Pune",
      "state": "Maharashtra",
      "lat": 18.5213738,
      "lon": 73.8545071
    },
    {
      "name": "Suritex Pvt.Ltd. Plot No. B-111, MIDC Industrial Area, Butibori, District - Nagpur.",
      "city": "Nagpur",
      "state": "Maharashtra",
      "lat": 21.1498134,
      "lon": 79.0820556
    },
    {
      "name": "Greenscape Eco Management Private Limited MIDC Chakan Industrial Area (Ph-II), Pune - 410501",
      "city": "Pune",
      "state": "Maharashtra",
      "lat": 18.5213738,
      "lon": 73.8545071
    },
    {
      "name": "Regreen Recycling Flt 205, Pocket 5, Ganeshwadi CHS Ltd, Bldg. 5, Bhimnagar, MIDC Andheri (E), Mumbai Suburban - 400093",
      "city": "Mumbai",
      "state": "Maharashtra",
      "lat": 19.054999,
      "lon": 72.8692035
    },
    {
      "name": "E Clean E Green Recycling Umar Compound, Jabar Pada, Nalasopara, Vasai-Virar City (M Corp), Dist. Palghar 401208.",
      "city": "Palghar",
      "state": "Maharashtra",
      "lat": 19.757249,
      "lon": 73.09311986183509
    },
    {
      "name": "GREEN INDIA E-WASTE & RECYCLING OPC PVT. LTD. SURVEY NO. 74, HISSA NO. 1/A, House No. 500, POST- DAHISAR, District - Thane.",
      "city": "Thane",
      "state": "Maharashtra",
      "lat": 19.1943294,
      "lon": 72.9701779
    },
    {
      "name": "Chaudhary Metal 80/2, Village -Waliwali Dahisar, Mori, Mumbra Panvel Road, Group Grampanchayat, Dist. Thane - 400612",
      "city": "Thane",
      "state": "Maharashtra",
      "lat": 19.1943294,
      "lon": 72.9701779
    },
    {
      "name": "E-Waste Mart Survey No.94,Gala No.6,Umar Compound, Jahar Pada,Nalasopara, Vasai-Virar City (M Corp), District - Palghar - 401208.",
      "city": "Palghar",
      "state": "Maharashtra",
      "lat": 19.757249,
      "lon": 73.09311986183509
    },
    {
      "name": "Bharat E Waste Recycling Co. Sr. No. 189, Vill. Waliv, Vasai-Virar City (M Corp), Palghar - 401208.",
      "city": "Palghar",
      "state": "Maharashtra",
      "lat": 19.757249,
      "lon": 73.09311986183509
    },
    {
      "name": "Anand Computer System 2160 B, Sadashiv Peth, Swamipuram Bldg, Shop No. 7,8,9, Pune - 411030",
      "city": "Pune",
      "state": "Maharashtra",
      "lat": 18.5213738,
      "lon": 73.8545071
    },
    {
      "name": "Green IT Recycling Center Pvt Ltd Plot No. D-222, MIDC Ranjangaon, Dist.- Pune - 412209",
      "city": "Pune",
      "state": "Maharashtra",
      "lat": 18.5213738,
      "lon": 73.8545071
    },
    {
      "name": "Masstech Recycling LLP Gala no 56, 58, 59 & 82, M.J.K. Compound, Kherani Road, Sakinaka, Mumbai - 400072 - 400072",
      "city": "Mumbai",
      "state": "Maharashtra",
      "lat": 19.054999,
      "lon": 72.8692035
    },
    {
      "name": "ARSH RECYCLING PRIVATE LIMITED GAT No. 1750, RANJANGAON GANPATI, PUNE NAGAR ROAD, Ranjangaon Ganpati, Pune - 412209",
      "city": "Pune",
      "state": "Maharashtra",
      "lat": 18.5213738,
      "lon": 73.8545071
    },
    {
      "name": "GNG Electronics Pvt. Ltd. Sr. No. 54, Hissa No. Dahisar Rd, Pimpri, Tal. & Dist. - Thane",
      "city": "Thane",
      "state": "Maharashtra",
      "lat": 19.1943294,
      "lon": 72.9701779
    },
    {
      "name": "Sadab Traders Plot No. 1154, Gat No. 140/2A/1, Village Vilholi, Behind Jain Temple, Tal & Dist. Nashik - 422010",
      "city": "Nashik",
      "state": "Maharashtra",
      "lat": 20.0112475,
      "lon": 73.7902364
    },
    {
      "name": "Universal Waste Management Gala No. B-10, D. P. K. Compound, Khairani Road, Sakinaka, Mumbai – 400072 - 400072",
      "city": "Mumbai",
      "state": "Maharashtra",
      "lat": 19.054999,
      "lon": 72.8692035
    },
    {
      "name": "Alfa Trading Co. KOLHAPUR ESTATE, YADAV NAGAR, KHERANI ROAD, SAKINAKA, Andheri, Mumbai Suburban - 400072",
      "city": "Mumbai",
      "state": "Maharashtra",
      "lat": 19.054999,
      "lon": 72.8692035
    },
    {
      "name": "Rcube Recycling Pvt Ltd. Shree Ganesh Indl Estate,Vasai, Palghat,Khairpada,Palghar - 401330",
      "city": "Palghar",
      "state": "Maharashtra",
      "lat": 19.757249,
      "lon": 73.09311986183509
    },
    {
      "name": "A. S. Enterprises, Shop No. 4 Shankar Temple, Jasmine Bldg. Pestam Sagar Road No. 4, Chembur,Mumbai Suburban - 400089",
      "city": "Mumbai",
      "state": "Maharashtra",
      "lat": 19.054999,
      "lon": 72.8692035
    },
    {
      "name": "Green Planet Recycling Solutions, Sr. No. 72/1/A, At Bhandarli, Dahisar Mori, Old Mumbra Panvel Road, Tal. & Dist. Thane",
      "city": "Thane",
      "state": "Maharashtra",
      "lat": 19.1943294,
      "lon": 72.9701779
    },
    {
      "name": "Envirocare Recycling Pvt. Ltd. Unit no: 8/ C-I Actual Industrial Complex, Uchat, Road, Village Magathane, Tal. Wada Dist. Thane",
      "city": "Thane",
      "state": "Maharashtra",
      "lat": 19.1943294,
      "lon": 72.9701779
    },
    {
      "name": "Bombay Metal Works, Sr. 54, Hissa No. 4, Dahisar Road, Pimpri, Tal & Dist: Thane",
      "city": "Thane",
      "state": "Maharashtra",
      "lat": 19.1943294,
      "lon": 72.9701779
    },
    {
      "name": "Ecostar Recycling, Survey No.94 Hissa No.12 Mahadev Industrial, Near Ladi Company, Mumbra, Dist: Thane-400612.",
      "city": "Thane",
      "state": "Maharashtra",
      "lat": 19.1943294,
      "lon": 72.9701779
    },
    {
      "name": "Rolex Entrprises, Survey No. 218, HissaNo. 4/1, Dahisar, Navi Mumbai",
      "city": "Mumbai",
      "state": "Maharashtra",
      "lat": 19.054999,
      "lon": 72.8692035
    },
    {
      "name": "Aqsa Stamping, Plot no. 55, Rangara Industrial Estate, 33/35, Kiravali (Adivali),Tal. Panvel, Dist. Raigad.",
      "city": "Raigad",
      "state": "Maharashtra",
      "lat": 18.4928092,
      "lon": 73.13807095426539
    },
    {
      "name": "Kapila Enterprises, Gat No. 46/3, At. Post. Supa, Tal. Parner, Dist: Ahmednagar",
      "city": "Ahmednagar",
      "state": "Maharashtra",
      "lat": 18.94378415,
      "lon": 74.56155586788118
    },
    {
      "name": "Mahalaxmi E- Recyclers Pvt. Ltd.PlotNo.77 & 78, Subplot No. 3A, Ramtekdi Industrial Area, Hadapsar, Tal. Haveli, Dist. Pune",
      "city": "Pune",
      "state": "Maharashtra",
      "lat": 18.5213738,
      "lon": 73.8545071
    },
    {
      "name": "SK E-Waste Disposal, Gat No. 116, Fine Weight Bridge, Jadhavwadi, Chikhali, Tal: Haveli, Dist: Pune.",
      "city": "Pune",
      "state": "Maharashtra",
      "lat": 18.5213738,
      "lon": 73.8545071
    },
    {
      "name": "Bsqaure E-Waste Recyclers, Gala No. 800, Survey No. 69/3, Siddhivinayak Market, MohammadiaEstate, Pimpri, Thane, Dist: Thane, Maharashtra.",
      "city": "Thane",
      "state": "Maharashtra",
      "lat": 19.1943294,
      "lon": 72.9701779
    },
    {
      "name": "Green Enviro Services, 118/1, Wasali, Tal. Khed, Dist. Pune",
      "city": "Pune",
      "state": "Maharashtra",
      "lat": 18.5213738,
      "lon": 73.8545071
    },
    {
      "name": "Environment Experts, Gala No. 11, Lane, J. K. Compound, Opp. Roshan Comp. Kherani Road, Sakinaka, Mumbai",
      "city": "Mumbai",
      "state": "Maharashtra",
      "lat": 19.054999,
      "lon": 72.8692035
    },
    {
      "name": "Map Trading Company Gat No. 670, Villoli, Tal. & Dist. Nashik 422010",
      "city": "Nashik",
      "state": "Maharashtra",
      "lat": 20.0112475,
      "lon": 73.7902364
    },
    {
      "name": "Asquare Industrial Solutions Gala No. 3, Plot No. 35, Mulgaon, MIDC Khopoli, Tal. Khopoli, Dist. Raigad",
      "city": "Raigad",
      "state": "Maharashtra",
      "lat": 18.4928092,
      "lon": 73.13807095426539
    },
    {
      "name": "Manihar Enterprises, Survey No. 74, Village Goteghar, Tal. Thane, Dist. Thane",
      "city": "Thane",
      "state": "Maharashtra",
      "lat": 19.1943294,
      "lon": 72.9701779
    },
    {
      "name": "Mahesh Traders Plot No. 316, Shree Shahu Market Yard, Tal. Karveer, Dist. Kolhapur",
      "city": "Kolhapur",
      "state": "Maharashtra",
      "lat": 16.7028412,
      "lon": 74.2405329
    },
    {
      "name": "New Shivam Enteprises, Gala No. 326, At. Post. Khandale, Near Suruchi Dairy, Dist. Pune",
      "city": "Pune",
      "state": "Maharashtra",
      "lat": 18.5213738,
      "lon": 73.8545071
    },
    {
      "name": "Process Recycling Gala No,2, S. No 302, Richard Compound Near Maharashtra Vajan Kata, Umang pharma road vasaiphata, Dist. Palghar",
      "city": "Palghar",
      "state": "Maharashtra",
      "lat": 19.757249,
      "lon": 73.09311986183509
    },
    {
      "name": "Wonder Print Technologies Plot No. M-36, MIDC Ambad, Dist. Nashik",
      "city": "Nashik",
      "state": "Maharashtra",
      "lat": 20.0112475,
      "lon": 73.7902364
    },
    {
      "name": "Om Recycling 19/2,Mangalwa Peth,19/2 mangalwarpethpune., Peth, Dist. Pune",
      "city": "Pune",
      "state": "Maharashtra",
      "lat": 18.5213738,
      "lon": 73.8545071
    },
    {
      "name": "Bhavesh Enterprises, Sr. No. 225/11, Hissa No. 23, Gausiya Compound, Gate No. 1, Vill. Pimpri, Tal. & Dist. Thane",
      "city": "Thane",
      "state": "Maharashtra",
      "lat": 19.1943294,
      "lon": 72.9701779
    },
    {
      "name": "Avis Technoways Plot No. A-58, MIDC Osmanabad, Dist. Osmanabad",
      "city": "Osmanabad",
      "state": "Maharashtra",
      "lat": 18.28224535,
      "lon": 76.05881660170444
    },
    {
      "name": "Green IT Recycling Centre Pvt. Ltd. Gat No. 207, Plot No. 3 & 4, Near Scienunero Company, Near PMT Depot, Shindewadi, Tal. Bhor, Dist. Pune",
      "city": "Pune",
      "state": "Maharashtra",
      "lat": 18.5213738,
      "lon": 73.8545071
    },
    {
      "name": "Vora Computers Pvt. Ltd. 1B, Lara Apartments, Sadhu Vaswani Chowk, Hotel Woodland Lane, 1/D/3, Tal. & Dist.Pune",
      "city": "Pune",
      "state": "Maharashtra",
      "lat": 18.5213738,
      "lon": 73.8545071
    },
    {
      "name": "Harshita Green Recyclers, Gat No. 452, Urse Talegaon Dhabade, Tal. Maval, Dist. Pune",
      "city": "Pune",
      "state": "Maharashtra",
      "lat": 18.5213738,
      "lon": 73.8545071
    },
    {
      "name": "E-Waste Recyclers India, B-14, Sector 81, Phase II, Noida",
      "lat": 28.5355161,
      "lon": 77.3910265,
      "city": "Noida",
      "state": "Uttar Pradesh"
    },
    {
      "name": "Greentek Reman Pvt. Ltd., Plot No. 180, Udyog Vihar, Phase I, Gurgaon",
      "lat": 28.5046472,
      "lon": 77.0562646,
      "city": "Gurgaon",
      "state": "Haryana"
    },
    {
      "name": "Namo E-Waste Management Ltd., Plot No. 195, Ecotech Extension I, Greater Noida",
      "lat": 28.4743879,
      "lon": 77.5039904,
      "city": "Greater Noida",
      "state": "Uttar Pradesh"
    },
    {
      "name": "E-Parisaraa Pvt. Ltd., No. 40/1A, Basavanapura, off Old Madras Road, Bengaluru",
      "lat": 12.9715987,
      "lon": 77.5945627,
      "city": "Bengaluru",
      "state": "Karnataka"
    },
    {
      "name": "Vans Chemistry Pvt. Ltd., Plot No. 27, IDA Cherlapally, Hyderabad",
      "lat": 17.385044,
      "lon": 78.486671,
      "city": "Hyderabad",
      "state": "Telangana"
    },
    {
      "name": "Hi-Tech Recycling India Pvt. Ltd., Survey No. 118, IDA Medchal, Hyderabad",
      "lat": 17.625014,
      "lon": 78.474421,
      "city": "Hyderabad",
      "state": "Telangana"
    },
    {
      "name": "Hulladek Recycling Pvt. Ltd., 14C, Mahanirban Rd, Kolkata",
      "lat": 22.572646,
      "lon": 88.363895,
      "city": "Kolkata",
      "state": "West Bengal"
    },
    {
      "name": "Green Waves Environmental Solutions, Bhopal",
      "lat": 23.2599333,
      "lon": 77.412615,
      "city": "Bhopal",
      "state": "Madhya Pradesh"
    },
    {
      "name": "Chennai Eco Recycle Hub, Plot No. 12, Guindy Industrial Estate, Chennai",
      "lat": 13.0067,
      "lon": 80.2206,
      "city": "Chennai",
      "state": "Tamil Nadu"
    },
    {
      "name": "Tamil Nadu Scrap Solutions, Ambattur Industrial Zone, Chennai",
      "lat": 13.1152,
      "lon": 80.1541,
      "city": "Chennai",
      "state": "Tamil Nadu"
    },
    {
      "name": "Ahmedabad Green Scrap Solutions, Naroda GIDC Estate, Ahmedabad",
      "lat": 23.0718,
      "lon": 72.6276,
      "city": "Ahmedabad",
      "state": "Gujarat"
    },
    {
      "name": "Gujarat E-Waste Recyclers, Vatva Industrial Area, Ahmedabad",
      "lat": 22.9785,
      "lon": 72.5955,
      "city": "Ahmedabad",
      "state": "Gujarat"
    },
    {
      "name": "Jaipur Metal Reclaimers, Sitapura Industrial Area, Jaipur",
      "lat": 26.8174,
      "lon": 75.8163,
      "city": "Jaipur",
      "state": "Rajasthan"
    },
    {
      "name": "Rajasthan Eco Recyclers, Malviya Nagar, Jaipur",
      "lat": 26.8607,
      "lon": 75.8155,
      "city": "Jaipur",
      "state": "Rajasthan"
    },
    {
      "name": "Uttar Pradesh Waste Solutions, Gomti Nagar, Lucknow",
      "lat": 26.8467,
      "lon": 81.0054,
      "city": "Lucknow",
      "state": "Uttar Pradesh"
    },
    {
      "name": "Green Lucknow Recyclers, Alambagh Industrial Zone, Lucknow",
      "lat": 26.7962,
      "lon": 80.8985,
      "city": "Lucknow",
      "state": "Uttar Pradesh"
    },
    {
      "name": "Surat Plastic Recyclers, Hazira Industrial Estate, Surat",
      "lat": 21.1061,
      "lon": 72.6756,
      "city": "Surat",
      "state": "Gujarat"
    },
    {
      "name": "Diamond City Waste Management, Sachin GIDC, Surat",
      "lat": 21.1750,
      "lon": 72.8383,
      "city": "Surat",
      "state": "Gujarat"
    },
    {
      "name": "Chandigarh Eco Center, Industrial Area Phase I, Chandigarh",
      "lat": 30.7046,
      "lon": 76.7179,
      "city": "Chandigarh",
      "state": "Chandigarh"
    },
    {
      "name": "Punjab-Haryana Recyclers, Industrial Area Phase II, Chandigarh",
      "lat": 30.7333,
      "lon": 76.7797,
      "city": "Chandigarh",
      "state": "Chandigarh"
    },
    {
      "name": "Indore Metal Recovery, Pithampur Industrial Area, Indore",
      "lat": 22.6143,
      "lon": 75.6969,
      "city": "Indore",
      "state": "Madhya Pradesh"
    },
    {
      "name": "Clean Indore Solutions, Vijay Nagar, Indore",
      "lat": 22.7358,
      "lon": 75.8898,
      "city": "Indore",
      "state": "Madhya Pradesh"
    }
  ]
}